title,budget,revenue,popularity,vote_average,districtsdiversity,overview
180,0,0,2.179,5.7,4,"Ajay (Siddharth) comes to Kasi, where his thoughts and ideas on life and death undergo a sea change after he meets a young boy. He relocates to Chennai and stays in a house owned by a couple S V S Murthy (Mouli) and Jayam (Geetha). They treat him as their own son. A do-gooder, Ajay with his jovial nature wins the heart of all those whom he comes across. Vidya (Nithya Menen), a photo journalist meets Ajay and falls for his good nature. Ajay with the help of Vidya even gets street children obtain sponsorship for their education. But things take a turn when Vidya expresses her love to Ajay. He quietly walks off the place and decides to leave Chennai. But a rude accident to Vidya puts the responsibility on Ajay's shoulders to get her back to health. He takes her to USA for a surgery. Meanwhile a flashback reveals that Ajay was a successful doctor in the United States and who led a happy life."
40 Days and 40 Nights,17000000,95146283,12.089,5.476,2,"Matt Sullivan's last big relationship ended in disaster and ever since his heart's been aching and his commitment's been lacking. Then came Lent, that time of year when everybody gives something up. That's when Matt decides to go where no man's gone before and make a vow: No sex. Whatsoever. For 40 straight days. At first he has everything under control. That is until the woman of his dreams, Erica, walks into his life."
50 First Dates,75000000,196482882,36.466,6.844,1,"Henry is a player skilled at seducing women. But when this veterinarian meets Lucy, a girl with a quirky problem when it comes to total recall, he realizes it's possible to fall in love all over again…and again, and again. That's because the delightful Lucy has no short-term memory, so Henry must woo her day after day until he finally sweeps her off her feet."
A Jitney Elopement,0,0,3.097,5.696,2,"Edna's father wants her to marry wealthy Count He-Ha. Charlie, Edna's true love, impersonates the Count at dinner, but the real Count shows up and Charlie is thrown out. Later on Charlie and Edna are chased by her father, The Count, and three policeman. The pursuers drive off a pier."
A Night Full of Rain,0,0,4.217,5.5,2,"Lizzy, a liberated American photographer, falls for narrow-minded journalist Paolo. Then finds she can't live with him or without him."
A Smile Like Yours,0,0,4.891,3.471,2,A comedy about a couple who cannot conceive a baby
A View to a Kill,30000000,152427960,23.951,6.214,5,A newly-developed microchip designed by Zorin Industries for the British Government that can survive the electromagnetic radiation caused by a nuclear explosion has landed in the hands of the KGB. James Bond must find out how and why. His suspicions soon lead him to big industry leader Max Zorin who forms a plan to destroy his only competition in Silicon Valley by triggering a massive earthquake in the San Francisco Bay.
After the Thin Man,673000,3165000,10.81,7.3,1,"Nick and Nora Charles investigate when Nora's cousin reports her disreputable husband is missing, and find themselves in a mystery involving the shady owners of a popular nightclub, a singer and her dark brother, the cousin's forsaken true love, and Nora's bombastic and controlling aunt."
Alexander's Ragtime Band,2000000,4000000,2.522,6.6,2,"Classical violinist, Roger Grant disappoints his family and teacher when he organizes a jazz band, but he and the band become successful. Roger falls in love with the band's singer, Stella, but his reluctance to lose her leads him to thwart her efforts to become a solo star. When the World War separates them in 1917, Stella marries Roger's best friend and, when Roger returns home after the war, an important concert at Carnegie Hall brings the corners of the romantic triangle together."
Alive,0,0,13.15,6.104,3,A severely injured man and woman awake in an abandoned sanitarium only to discover that a sadistic caretaker holds the keys to their freedom and the horrific answers as to their true identity.
All About Eve,1400000,8400000,20.409,8.1,1,"From the moment she glimpses her idol at the stage door, Eve Harrington is determined to take the reins of power away from the great actress Margo Channing. Eve maneuvers her way into Margo's Broadway role, becomes a sensation and even causes turmoil in the lives of Margo's director boyfriend, her playwright and his wife. Only the cynical drama critic sees through Eve, admiring her audacity and perfect pattern of deceit."
Always Be My Maybe,0,0,22.219,6.644,7,"Reunited after 15 years, famous chef Sasha and hometown musician Marcus feel the old sparks of attraction but struggle to adapt to each other's worlds."
American Graffiti,777000,140000000,23.5,7.047,2,A couple of high school graduates spend one final night cruising the strip with their buddies before they go off to college.
Americana,0,0,1.193,1,8,An alcoholic film editor puts together the pieces of his movie star sister's murder.
Ant-Man,130000000,519311965,37.692,7.082,4,"Armed with the astonishing ability to shrink in scale but increase in strength, master thief Scott Lang must embrace his inner-hero and help his mentor, Doctor Hank Pym, protect the secret behind his spectacular Ant-Man suit from a new generation of towering threats. Against seemingly insurmountable obstacles, Pym and Lang must plan and pull off a heist that will save the world."
Ant-Man and the Wasp,140000000,622674139,34.801,6.951,5,"Just when his time under house arrest is about to end, Scott Lang once again puts his freedom at risk to help Hope van Dyne and Dr. Hank Pym dive into the quantum realm and try to accomplish, against time and any chance of success, a very dangerous rescue mission."
Ant-Man and the Wasp: Quantumania,200000000,476071180,173.694,6.431,2,"Super-Hero partners Scott Lang and Hope van Dyne, along with with Hope's parents Janet van Dyne and Hank Pym, and Scott's daughter Cassie Lang, find themselves exploring the Quantum Realm, interacting with strange new creatures and embarking on an adventure that will push them beyond the limits of what they thought possible."
Around the Fire,1200000,0,3.823,3.8,1,"Simon is an intelligent and privileged young man whose family expects him to become a Princeton graduate. Crying out for attention from his reserved and cool hearted family, Simon commits numerous petty crimes and is soon sent away to boarding school where he befriends a ""Deadhead,"" adopts the ""hippie"" lifestyle and dabbles in many drugs in his search for acceptance."
Basic Instinct,49000000,352927224,34.473,6.888,4,A violent police detective investigates a brutal murder that might involve a manipulative and seductive novelist.
Beautiful Boy,25000000,7649973,13.012,7.554,4,"After he and his first wife separate, journalist David Sheff struggles to help their teenage son, who goes from experimenting with drugs to becoming devastatingly addicted to methamphetamine."
Bedazzled,48000000,90383208,19.359,6.028,4,"Elliot Richards, a socially awkward IT worker, is given seven wishes to get the girl of his dreams when he meets a very seductive Satan. The catch: his soul. Some of his wishes include being a 7 foot basketball star, a wealthy, powerful man, and a sensitive caring guy. But, as could be expected, the Devil puts her own little twist on each of his fantasies."
Bicentennial Man,100000000,87423861,28.882,7.236,4,"Richard Martin buys a gift, a new NDR-114 robot. The product is named Andrew by the youngest of the family's children. ""Bicentennial Man"" follows the life and times of Andrew, a robot purchased as a household appliance programmed to perform menial tasks. As Andrew begins to experience emotions and creative thought, the Martin family soon discovers they don't have an ordinary robot."
Big Eyes,10000000,28883511,17.203,6.989,2,"In the late 1950s and early '60s, artist Walter Keane achieves unbelievable fame and success with portraits of saucer-eyed waifs. However, no one realizes that his wife, Margaret, is the real painter behind the brush. Although Margaret is horrified to learn that Walter is passing off her work as his own, she is too meek to protest too loudly. It isn't until the Keanes' marriage comes to an end and a lawsuit follows that the truth finally comes to light."
Big Sur,0,33621,4.721,5.132,1,Big Sur is a film adaptation of the Jack Kerouac autobiographical novel of the same name.
Birdman of Alcatraz,2650000,3100000,14.79,7.455,1,"After killing a prison guard, convict Robert Stroud faces life imprisonment in solitary confinement. Driven nearly mad by loneliness and despair, Stroud's life gains new meaning when he happens upon a helpless baby sparrow in the exercise yard and nurses it back to health. Despite having only a third grade education, Stroud goes on to become a renowned ornithologist and achieves a greater sense of freedom and purpose behind bars than most people find in the outside world."
Birth of the Dragon,31000000,7125027,22.258,5.7,4,"Set against the backdrop of San Francisco’s Chinatown, this cross-cultural biopic chronicles Bruce Lee’s emergence as a martial-arts superstar after his legendary secret showdown with fellow martial artist Wong Jack Man."
Bitter Melon,0,0,1.604,6.6,4,"Bitter Melon is a ""home for the holidays"" dark comedy where a Filipino-American family plots to kill an abusive member."
Blue Jasmine,18000000,99206215,14.324,6.998,9,"After experiencing a traumatic misfortune, Jasmine French, a wealthy woman from New York, moves to San Francisco to live with her foster sister Ginger and the firm purpose of getting a new life, but she will be haunted by anxiety and memories of the past."
Boys and Girls,16000000,20627372,10.817,5.96,5,"Ryan and Jennifer are opposites who definitely do not attract. At least that's what they always believed. When they met as twelve-year-olds, they disliked one another. When they met again as teenagers, they loathed each other. But when they meet in college, the uptight Ryan and the free-spirited Jennifer find that their differences bind them together and a rare friendship develops."
Bullitt,5500000,42300873,27.583,7.138,6,"Senator Walter Chalmers is aiming to take down mob boss Pete Ross with the help of testimony from the criminal's hothead brother Johnny, who is in protective custody in San Francisco under the watch of police lieutenant Frank Bullitt. When a pair of mob hitmen enter the scene, Bullitt follows their trail through a maze of complications and double-crosses. This thriller includes one of the most famous car chases ever filmed."
Burglar,0,0,7.504,5.272,4,"Bernice ""Bernie"" Rhodenbarr is a burglar by trade, and she runs a bookstore as well. Her friend Carl Hefler is a dog groomer. After a successful burglary, it's discovered that a dead body was in the house she burgled. As she's the only one who can be placed at the scene of the crime, she has to use her criminal skills to clear her name of the murder AND avoid getting charged with the burglary."
Can't Stop the Music,0,0,8.61,5.25,1,A loose biography of seminal disco hit-makers The Village People and their composer Jacques Morali.
Casualties of War,22500000,18671317,16.048,7.144,1,"During the Vietnam War, a soldier finds himself the outsider of his own squad when they unnecessarily kidnap a female villager."
Cherish,0,0,3.768,6.4,1,"After a martini-induced rampage, a fantasy-prone young woman is placed under house arrest."
Chu Chu and the Philly Flash,0,0,2.267,5.5,3,"Flash used to be a talented baseball player, but he took to drinking and now he sells stolen watches in the streets. One day he meets Chu Chu, who, before falling into alcoholism like him, was a successful entertainer. Now she still dances, but in the streets, for no more than a cent or two. Luck seems to smile at them the day stolen government documents literally fall from the sky. They decide to return them to their legal owners, but instead of the expected reward money, all they get is a load of trouble."
City of Angels,55000000,198685114,21.841,6.761,1,"When guardian angel Seth - who invisibly watches over the citizens of Los Angeles - becomes captivated by Maggie, a strong-willed heart surgeon, he ponders trading in his pure, otherworldly existence for a mortal life with his beloved. The couple embarks on a tender but forbidden romance spanning heaven and Earth."
Class Action,0,0,9.133,6.319,2,"A liberal activist lawyer alienated his daughter Maggie years ago when she discovered his many affairs. Now a conservative corporate lawyer, Maggie agrees to go up against her father in court. To gain promotion, she must defend an auto manufacturer against charges that their explosion-prone station wagons are unsafe. As her mother begs for peace, Maggie takes on her dad in a trial that turns increasingly personal and nasty."
Copycat,20000000,32000000,15.805,6.501,3,An agoraphobic psychologist and a female detective must work together to take down a serial killer who copies serial killers from the past.
Crackers,12000000,129268,11.081,4.6,2,"Garvey is a San Francisco pawnshop operator. His unemployed and criminal friends Dillard, Turtle and Weslake, team up with Boardwalk, a local pimp, to burgle Garvey's shop while the owner is out of town. During the elaborate planning process, Dillard falls for a Hispanic woman, the sister of a friend. Boardwalk is assigned to case a local apartment, where he meets and falls for the maid. Amidst all these romantic hijinks, Weslake puts together a burglary plan, which is executed by the makeshift gang."
Dark Passage,1678000,3430000,14.668,7.3,1,A man convicted of murdering his wife escapes from prison and works with a woman to try and prove his innocence.
Dawn of the Planet of the Apes,170000000,710644566,59.336,7.306,4,"A group of scientists in San Francisco struggle to stay alive in the aftermath of a plague that is wiping out humanity, while Caesar tries to maintain dominance over his community of intelligent apes."
Dim Sum: A Little Bit of Heart,0,0,2.476,6,1,"San Francisco's Richmond District. A widow welcomes the Chinese New Year. 62 years old, she wants to make a trip to China to pay last respects to her ancestors. A fortune teller has told her this is the year she'll die, and a daughter, Geraldine, remains unmarried. Geraldine's boyfriend lives in Los Angeles and she's not sure she's ready for marriage, nor does she want to leave her mother alone in her declining years. Mrs. Tan's cheerful brother-in-law, Uncle Tam, tries to help out."
Dirty Harry,4000000,35976000,19.126,7.461,7,"When a madman dubbed 'Scorpio' terrorizes San Francisco, hard-nosed cop, Harry Callahan – famous for his take-no-prisoners approach to law enforcement – is tasked with hunting down the psychopath. Harry eventually collars Scorpio in the process of rescuing a kidnap victim, only to see him walk on technicalities. Now, the maverick detective is determined to nail the maniac himself."
Doctor Dolittle,71000000,294456605,30.406,5.7,4,"A successful physician and devoted family man, John Dolittle seems to have the world by the tail, until a long suppressed talent he possessed as a child, the ability to communicate with animals is suddenly reawakened with a vengeance! Now every creature within squawking distance wants the good doctor's advice, unleashing an outrageous chain of events that turns his world upside down!"
Dopamine,0,22278,1.909,5.2,1,"Rand is a computer animator, who has created an artificial intelligence creature designed to interact with children and teach them responsibility. When his prototype is forced into practice at a school, Rand encounters Sarah, a teacher he was inexplicably drawn to, at his favorite bar one fateful evening. Sparks fly between them, but fundamental differences in their approaches to love and relationships slow them down to a halt."
Dr. Dolittle 2,70000000,176104344,16.296,5.288,1,"A group of beavers ask Dr. Dolittle to save their habitat from loggers. The only hope is to get the forest preserved because it's the home of a protected bear, but there's a problem: the bear's the only bear in the forest, so she can't reproduce. Undaunted, Dolittle persuades a circus bear to help out, but he has to teach him not just the ways of the wild, but the wiles of lady bears too."
Dream for an Insomniac,0,0,4.331,5.4,2,"A girl with insomnia who works in a coffee house has impossibly high standards for her love and fears she will never meet a worthy man. Then in walks a new employee and they click - until she discovers he has a girlfriend. Undaunted, she moves to L.A. with a friend sure that he will dump the girlfriend and follow her. She puts all her faith in fate and hopes for the best."
Dream with the Fishes,0,0,1.863,7.1,1,"A suicidal man who can't kill himself agrees to finance his terminally ill neighbor's bucket list of fantasies if, at the end, the neighbor will kill him."
Edtv,80000000,0,16.658,5.944,5,Video store clerk Ed agrees to have his life filmed by a camera crew for a tv network.
Experiment in Terror,0,0,11.835,7.042,5,A man with an asthmatic voice telephones and assaults clerk Kelly Sherwood at home and coerces her into helping him steal a large sum from her bank.
Family Plot,2000000,7900000,10.677,6.753,2,Spiritualist Blanche Tyler and her cab-driving boyfriend encounter a pair of serial kidnappers while trailing a missing heir in California.
Fat Man and Little Boy,0,0,16.666,6.2,1,"Assigned to oversee the development of the atomic bomb, Gen. Leslie Groves is a stern military man determined to have the project go according to plan. He selects J. Robert Oppenheimer as the key scientist on the top-secret operation, but the two men clash fiercely on a number of issues. Despite their frequent conflicts, Groves and Oppenheimer ultimately push ahead with two bomb designs — the bigger ""Fat Man"" and the more streamlined ""Little Boy."""
Fearless,0,6995302,10.377,6.927,3,"After a terrible air disaster, survivor Max Klein emerges a changed person. Unable to connect to his former life or to wife Laura, he feels godlike and invulnerable. When psychologist Bill Perlman is unable to help Max, he has Max meet another survivor, Carla Rodrigo, who is wracked with grief and guilt since her baby died in the crash which she and Max survived."
Final Analysis,32000000,28590665,13.058,5.7,3,"A psychiatrist becomes romantically involved with the sister of one of his patients, but the influence of her controlling gangster husband threatens to destroy them both."
Flower Drum Song,0,0,4.711,6.117,1,"A young woman arrives in San Francisco's Chinatown from Hong Kong with the intention of marrying a rakish nightclub owner, unaware he is involved with one of his singers."
Flubber,80000000,177977226,18.803,5.631,1,"Professor Phillip Brainard, an absent minded professor, works with his assistant Weebo, trying to create a substance that's a new source of energy and that will save Medfield College where his sweetheart Sara is the president. He has missed his wedding twice, and on the afternoon of his third wedding, Professor Brainard creates flubber, which allows objects to fly through the air."
Forrest Gump,55000000,677387716,92.693,8.477,1,"A man with a low IQ has accomplished great things in his life and been present during significant historic events—in each case, far exceeding what anyone imagined he could do. But despite all he has achieved, his one true love eludes him."
Foul Play,5000000,45000000,10.605,6.3,7,"A shy San Francisco librarian and a bumbling cop fall in love as they solve a crime involving albinos, dwarves, and the Catholic Church."
Freebie and the Bean,0,0,5.668,6.2,6,Two San Francisco detectives want to bring down a local hijacking boss. But they'll have to get to him before a hitman does.
Gentleman Jim,0,0,5.017,7.24,1,"As bare-knuckled boxing enters the modern era, brash extrovert Jim Corbett uses new rules and dazzlingly innovative footwork to rise to the top of the boxing world."
George of the Jungle,55000000,174463257,17.867,5.592,2,"Deep in the African jungle, a baby named George, the sole survivor of a plane crash, is raised by gorillas. George grows up to be a buff and lovable klutz who has a rain forest full of animal friends: Tookie, his big-beaked toucan messenger; Ape, a witty talking gorilla; and Shep, a peanut-loving pooch of an elephant. But when poachers mess with George's pals, the King Of Swing swings into action."
Getting Even with Dad,30000000,0,8.546,5.234,5,"Ray, an ex-con and widower, is planning a coin heist with two accomplices to help him to buy his own bakery. However, he doesn't expect his son Timmy, who was living with Ray's sister, to show up at the house right in the middle of planning. Timmy is ignored and Ray and his buddies pull off the heist. Timmy gets his father's attention by stealing the coins and hiding them. To get them back, his father must take him to a number of different places and treat him like he enjoys his presence. They grow fond of each other but Timmy won't stay with his dad unless he gives up the coins."
Godzilla,160000000,529076069,44.153,6.289,3,"Ford Brody, a Navy bomb expert, has just reunited with his family in San Francisco when he is forced to go to Japan to help his estranged father, Joe. Soon, both men are swept up in an escalating crisis when an ancient alpha predator arises from the sea to combat malevolent adversaries that threaten the survival of humanity. The creatures leave colossal destruction in their wake, as they make their way toward their final battleground: San Francisco."
Golden Gate,0,0,2.859,4.111,3,"A brash 22-year-old FBI agent trumps up charges of Communist spying against a Chinese laundryman. Ten years later, he wants to make amends to the man and his teenage daughter."
Goliath,0,0,8.044,6.914,4,Patrick is a tenacious lawyer specializing in environmental law. France is a schoolteacher who becomes an activist after her husband develops cancer from exposure to a pesticide. Mathias is an ambitious lobbyist working for an international chemical corporation. The paths of these characters collide as the lives of thousands are affected by a tragic act that sparks a powerful movement while the corporation fights to prevent the truth from being revealed.
Greed,665603,274827,10.014,7.435,3,"A lottery win of $5,000 forever changes the lives of a miner turned dentist and his wife."
Groove,0,0,5.261,6.191,1,An inside look into one night in the San Francisco underground rave scene.
Guess Who's Coming to Dinner,4000000,56666667,16.738,7.568,3,A couple's attitudes are challenged when their daughter brings home a fiancé who is black.
Hard to Hold,0,0,3.098,3.9,1,"Jamie Roberts is a rock star living the highlife when he falls for an intellectual child psychologist who only has ears for classical music. Opposites attract, but his jealous ex-girlfriend isn't ready to give up so easily."
Harold and Maude,1200000,0,23.191,7.608,1,The young Harold lives in his own world of suicide-attempts and funeral visits to avoid the misery of his current family and home environment. Harold meets an 80-year-old woman named Maude who also lives in her own world yet one in which she is having the time of her life. When the two opposites meet they realize that their differences don’t matter and they become best friends and love each other.
Heart and Souls,0,16589540,17.209,6.9,4,"A fateful night in 1959, four people die when the bus they are riding crashes. They continue as ghosts; their souls become eternally entwined to the life of a child born at the moment of their deaths as his guardians. Baby Thomas grows up to be a businessman who has memories of his playmates, but assumes they are products of his youthful imagination. When the ghosts realize they need Thomas' help to move on to the afterlife, they decide to make an appearance once more."
Heart Beat,0,0,1.926,5.9,2,"An exploration of the relationship between Beat Generation writers Jack Kerouac and Neal Cassady, and Cassady's wife, Carolyn."
Herbie Rides Again,0,38229000,14.896,6.11,2,The living Volkswagen Beetle helps an old lady protect her home from a corrupt developer.
Hereafter,50000000,106956330,14.083,6.08,3,"Three people — a blue-collar American, a French journalist and a London school boy — are touched by death in different ways."
High Anxiety,4015000,31063038,10.828,6.4,3,"A psychiatrist with intense acrophobia (fear of heights) goes to work for a mental institution run by doctors who appear to be crazier than their patients, and have secrets that they are willing to commit murder to keep."
High Crimes,42000000,63781810,19.076,6.328,2,"A female attorney learns that her husband is really a marine officer awol for fifteen years and accused of murdering fifteen civilians in El Salvador. Believing her husband when he tells her that he's being framed as part of a U.S. Military cover-up, the attorney defends him in a military court."
Homeward Bound II: Lost in San Francisco,0,32709423,17.451,6.527,1,"When the pets accidentally get separated from their vacationing owners, Chance, Shadow, and Sassy navigate the mean streets of San Francisco, trying to find their home across the Golden Gate Bridge. But the road is blocked by a series of hazards, both man and beast."
How Stella Got Her Groove Back,20000000,37672350,15.26,5.824,1,"Through good times and bad, Stella and Delilah have always had each other. Now, Stella's so busy building a life that she's forgotten how to really live. But Delilah is about to change all that. What starts as a quick trip to Jamaica, end as an exhilarating voyage of self discovery as Stella learns to open her heart and find love - even if it's with a man 20 years her junior."
Hulk,137000000,245360480,39.705,5.5,2,"Bruce Banner, a genetics researcher with a tragic past, suffers massive radiation exposure in his laboratory that causes him to transform into a raging green monster when he gets angry."
I Am Michael,0,0,7.908,5.535,3,The controversial true story of a gay activist who rejects his homosexuality and becomes a Christian pastor.
I Remember Mama,0,0,4.557,6.99,1,"Norwegian immigrant Marta Hanson keeps a firm but loving hand on her household of four children, a devoted husband and a highly-educated lodger who reads great literature to the family every evening. Through financial crises, illnesses and the small triumphs of everyday life, Marta maintains her optimism and sense of humor, traits she passes on to her aspiring-author daughter, Katrin."
Indiana Jones and the Last Crusade,48000000,474171806,52.439,7.847,1,"In 1938, an art collector appeals to eminent archaeologist Dr. Indiana Jones to embark on a search for the Holy Grail. Indy learns that a medieval historian has vanished while searching for it, and the missing man is his own father, Dr. Henry Jones Sr.. He sets out to rescue his father by following clues in the old man's notebook, which his father had mailed to him before he went missing. Indy arrives in Venice, where he enlists the help of a beautiful academic, Dr. Elsa Schneider, along with Marcus Brody and Sallah. Together they must stop the Nazis from recovering the power of eternal life and taking over the world!"
Innerspace,27000000,25893810,21.508,6.824,1,"Test pilot Tuck Pendleton volunteers to test a special vessel for a miniaturization experiment. Accidentally injected into a neurotic hypochondriac, Jack Putter, Tuck must convince Jack to find his ex-girlfriend, Lydia Maxwell, to help him extract Tuck and his ship and re-enlarge them before his oxygen runs out."
Invasion of the Body Snatchers,3500000,24946533,24.22,7.192,6,"Matthew Bennell notices that several of his friends are complaining that their close relatives are in some way different. When questioned later they themselves seem changed, as they deny everything or make lame excuses. As the invaders increase in number they become more open and Bennell, who has by now witnessed an attempted 'replacement', realises that he and his friends must escape or suffer the same fate."
Jade,50000000,9851610,12.143,5.367,5,"Someone does a nasty hatchet job on a San Francisco big shot and the Assistant D.A. takes charge of the investigation. Through a web of blackmail and prostitution involving the Governor, an old lover of the lawman emerges as a prime suspect and he has to deal with his personal feelings as well as the case."
Jagged Edge,15000000,40500000,14.685,6.296,1,"San Francisco heiress Page Forrester is brutally murdered in her remote beach house. Her husband Jack is devastated by the crime but soon finds himself accused of her murder. He hires lawyer Teddy Barnes to defend him, despite the fact she hasn't handled a criminal case for many years. There's a certain chemistry between them and Teddy soon finds herself defending the man she loves."
Jexi,5000000,9341824,15.411,6.841,6,"Phil's new phone comes with an unexpected feature, Jexi...an A.I. determined to keep him all to herself in a comedy about what can happen when you love your phone more than all else."
Junior,60000000,108431355,17.39,5.167,4,"As part of a fertility research project, a male scientist agrees to carry a pregnancy in his own body."
Just One Night,0,0,1.748,5,1,A man (Timothy Hutton) spends the night before his wedding searching for his lost shoe with the help of an unhappily married woman (Maria Grazia Cucinotta).
Kamikaze Hearts,0,0,2.418,6.2,1,"Lesbian porn star Sharon Mitchell and her girlfriend, Tigr, navigate the ups and downs of being in love while working in the sex industry."
Knife Fight,7000000,0,0.6,5.125,3,A political strategist juggling three clients questions whether or not to take the high road as the ugly side of his work begins to haunt him.
Magnum Force,0,39768000,23.382,7.129,6,"""Dirty"" Harry Callahan is a San Francisco Police Inspector on the trail of a group of rogue cops who have taken justice into their own hands. When shady characters are murdered one after another in grisly fashion, only Dirty Harry can stop them."
Marnie,2135000,7000000,13.143,7.159,1,"Marnie is a thief, a liar, and a cheat. When her new boss, Mark Rutland, catches on to her routine kleptomania, she finds herself being blackmailed."
Maxie,0,0,3.793,5.3,3,"When Nick and Jan move into their new apartment in San Francisco, the batty landlady upstairs tells them about a girl who used to live there in the 20's: a brash young party girl named Maxie, who died in a car crash the morning before her big audition for a Hollywood studio. The trouble is, Maxie, or rather her ghost, hasn't left the house. Worse, she can take over Jan's body. And the only way she's going to leave is if she gets that audition."
Memoirs of an Invisible Man,40000000,14358033,13.602,5.909,1,"After a freak accident, an invisible yuppie runs for his life from a treacherous CIA official while trying to cope with his new life."
Metro,55000000,31987563,9.905,5.637,1,"Roper, a hostage negotiator catches a murderous bank robber after a blown heist. The bank robber escapes and immediately goes after the man who put him behind bars."
Midnight Lace,0,7400000,9.088,6.588,1,Kit Preston begins to unravel when she receives threatening telephone calls informing her she's soon to be murdered.
Milk,20000000,54589558,15.301,7.251,5,"The true story of Harvey Milk, the first openly gay man ever elected to public office. In San Francisco in the late 1970s, Harvey Milk becomes an activist for gay rights and inspires others to join him in his fight for equal rights that should be available to all Americans."
Mother,0,19145000,7.143,6.46,1,"A neurotic, twice-divorced sci-fi writer moves back in with his mother to solve his personal problems."
Mrs. Doubtfire,25000000,441286195,23.964,7.186,3,"Loving but irresponsible dad Daniel Hillard, estranged from his exasperated spouse, is crushed by a court order allowing only weekly visits with his kids. When Daniel learns his ex needs a housekeeper, he gets the job -- disguised as a British nanny. Soon he becomes not only his children's best pal but the kind of parent he should have been from the start."
Nash Bridges,0,0,3.359,5.733,4,"Nash Bridges continues to run San Francisco's SIU in 2020 while confronting a changing city, a new boss, and a world in which police work focuses on modern data-crunching and predictive policing. Although the world around him has changed, Nash hasn't."
Nine Months,0,138510230,12.996,5.716,5,"When he finds out his longtime girlfriend is pregnant, a commitment-phobe realizes he might have to change his lifestyle for better or much, much worse."
Nine to Five,10000000,103300000,16.462,6.894,1,"Frank Hart is a pig. He takes advantage of the women who work with him in the grossest manner. When his three assistants manage to trap him in his own house, they assume control of his department, and productivity leaps, but just how long can they keep Hart tied up?"
Nora Prentiss,0,0,1.894,5.867,1,"Quiet, organised Dr Talbot meets nightclub singer Nora Prentiss when she is slightly hurt in a street accident. Despite her misgivings they become heavily involved and Talbot finds he is faced with the choice of leaving Nora or divorcing his wife. When a patient expires in his office, a third option seems to present itself."
On the Road,25000000,8784318,11.144,5.606,3,"Dean and Sal are the portrait of the Beat Generation. Their search for ""It"" results in a fast paced, energetic roller coaster ride with highs and lows throughout the U.S."
Pacific Heights,18000000,55000000,20.654,6.238,2,A couple works hard to renovate their dream house and become landlords to pay for it. Unfortunately one of their tenants has plans of his own.
Pal Joey,3000000,7000000,8.083,6.32,3,An opportunistic singer woos a wealthy widow to boost his career.
Patch Adams,50000000,202292902,26.537,7.293,2,"The true story of Dr. Hunter ""Patch"" Adams, who in the 1970s found that humor is the best medicine, and was willing to do just anything to make his patients laugh—even if it meant risking his own career."
Patty Hearst,0,1223326,3.977,5.7,2,The true story of a rich girl who was abducted by American revolutionaries in the 1970's. Her time spent with her captors made her question herself and her way of life and she joined forces with the cause that her abductors were fighting for. This created a US scandal and Patty Hearst has become a pop culture fixture.
Petulia,0,1600000,6.986,5.9,3,An unhappily married socialite finds solace in the company of a recently divorced doctor.
Phenomenon,32000000,152036382,15.262,6.367,1,"An ordinary man sees a bright light descend from the sky, and discovers he now has super-intelligence and telekinesis."
Playing Mona Lisa,3000000,0,2.137,6,1,A young pianist is looking for love in all the wrong places once her fiancee drops her. Maybe her flame will be rekindled both for the piano and a new love?
Point Blank,2500000,3200000,11.324,7.012,1,"After being double-crossed and left for dead, a mysterious man named Walker single-mindedly tries to retrieve the rather inconsequential sum of money that was stolen from him."
Pushing Dead,0,0,2.459,6.45,6,"When a struggling writer, HIV positive for 20+ years, accidentally deposits a $100 birthday check, he is dropped from his health plan for earning too much. In this new era of sort-of universal care, can he take on a helpless bureaucracy or come up with $3000 a month to buy meds on his own?"
Quicksilver,10000000,7246979,9.646,5.596,1,"Jack Casey used to be a hot-shot stock market whiz kid. After a disastrous professional decision, his life in the fast lane is over. He loses his nerve and joins a speed delivery firm which relies on bicycles to avoid traffic jams of San Francisco, is attracted to a fellow bicycler, Terri, and befriends Hector, a budding entrepreneur. Can Jack regain his nerve and his self-respect, and rebuild his life on a more sound basis?"
Quitters,0,0,1.697,5.7,8,"The story of the Raymans, a wealthy Jewish family that's falling apart. The son, Clark, is a bright and curious high schooler with a talent for manipulation. As his mother May enters treatment for a pill addiction, and he and his father Roger stop getting along, Clark thinks about running away from home. He just needs to decide where to go."
Rent,40000000,31670620,13.463,6.82,1,"This rock opera tells the story of one year in the life of a group of bohemians struggling in late 1980s East Village, New York, USA. The film centers around Mark and Roger, two roommates. While a  tragedy has made Roger numb to new experiences, Mark begins capturing their world through his attempts to make a personal movie. In the year that follows, they and their friends deal with love, loss, and working together."
Romeo Must Die,25000000,91036760,26.002,6.214,2,"Two warring gang families (one African-American, the other Chinese) maneuver for bragging rights to the Oakland, California, docks. Hang Sing and Trish O'Day uncover a trail of deceit that leaves most of the warring factions dead … or worse!"
San Andreas,110000000,473990832,142.742,6.229,4,"In the aftermath of a massive earthquake in California, a rescue-chopper pilot makes a dangerous journey across the state in order to rescue his estranged daughter."
San Francisco,1300000,5273000,10.867,6.721,2,A beautiful singer and a battling priest try to reform a Barbary Coast saloon owner in the days before the great earthquake and subsequent fires in 1906.
Sausalito,0,0,1.586,5.2,1,"Ella is a divorced Chinese American taxi driver who spends her days ferrying people around the roads of Sausalito, San Francisco. After work, she spends time with her 8-year old son, Scott. Ella meets Mike at Sky House, an infamous pick-up joint. Awkward strangers at first, they nonetheless find passion and what they want in each other."
Serial,0,0,2.893,5.8,1,"A man resists the California fads that his wife, friends and wealthy Marin County neighbors embrace. Based on the serial by Cyra McFadden in the San Francisco Chronicle in the 70s, satirizing the lifestyle trends of the local elite - from open marriages and organic food to New Age cults."
Seven Girlfriends,0,0,3.153,5.2,0,"Jesse is charming, romantic, and he knows how to pop the question; he just can't face marriage. So, when he and Hannah split up during the same week that a former fiancée dies, he decides to figure things out. He visits each woman about whom he's been serious to ask what went wrong. His teen flame, an independent woman who sometimes sleeps with him, and a group of lesbians give him advice, as does Anabeth, dead but lively in his dreams. One ex remains furious, but with the help of her inventive colleague, the level-headed insomniac Laura, Jesse even gets to talk to her. It's on to Anabeth's funeral, where he'll see Hannah, and maybe grasp what has been eluding him."
Shadow of the Thin Man,821000,2301000,8.986,6.967,0,High society sleuths Nick and Nora Charles run into a variety of shady characters while investigating a race-track murder.
Shang-Chi and the Legend of the Ten Rings,150000000,432243292,89.764,7.589,5,Shang-Chi must confront the past he thought he left behind when he is drawn into the web of the mysterious Ten Rings organization.
Shoot the Moon,0,8100000,5.713,6.4,1,"After fifteen years of marriage, an affluent couple divorce and take up with new partners."
Sister Act,31000000,231605150,27.233,6.823,1,"A Reno singer witnesses a mob murder and the cops stash her in a nunnery to protect her from the mob's hitmen. The mother superior does not trust her, and takes steps to limit her influence on the other nuns. Eventually the singer rescues the failing choir and begins helping with community projects, which gets her an interview on TV—and identification by the mob."
Sister Act 2: Back in the Habit,38000000,57319029,36.972,6.375,3,"Deloris Van Cartier is again asked to don the nun's habit to help a run-down Catholic school, presided over by Mother Superior. And if trying to reach out to a class full of uninterested students wasn't bad enough, the sisters discover that the school is due to be closed by the unscrupulous chief of a local authority."
"Smile Again, Jenny Lee",0,0,0.6,2,10,
Sneakers,23000000,105232691,53.761,6.899,2,"When shadowy U.S. intelligence agents blackmail a reformed computer hacker and his eccentric team of security experts into stealing a code-breaking 'black box' from a Soviet-funded genius, they uncover a bigger conspiracy. Now, he and his 'sneakers' must save themselves and the world economy by retrieving the box from their blackmailers."
So I Married an Axe Murderer,20000000,11585483,13.691,6.061,6,"Just after a bad breakup, Charlie MacKenzie falls for lovely butcher Harriet Michaels and introduces her to his parents. But, as voracious consumers of sensational tabloids, his parents soon come to suspect that Harriet is actually a notorious serial killer -- ""Mrs. X"" -- wanted in connection with a string of bizarre honeymoon killings. Thinking his parents foolish, Charlie proposes to Harriet. But while on his honeymoon with her, he begins to fear they were right."
Sonic the Hedgehog,85000000,319715683,53.708,7.345,3,"Powered with incredible speed, Sonic The Hedgehog embraces his new home on Earth. That is, until Sonic sparks the attention of super-uncool evil genius Dr. Robotnik. Now it’s super-villain vs. super-sonic in an all-out race across the globe to stop Robotnik from using Sonic’s unique power for world domination."
Sphere,80000000,37020277,20.272,6.087,1,"A spacecraft is discovered on the floor of the Pacific Ocean, presumed to be at least 300 years old and of alien origin. A crack team of scientists and experts is assembled and taken to the Habitat, a state-of-the-art underwater living environment, to investigate."
Star Trek IV: The Voyage Home,24000000,133000000,25.43,7.2,4,"It's the 23rd century, and a mysterious alien power is threatening Earth by evaporating the oceans and destroying the atmosphere. In a frantic attempt to save mankind, Kirk and his crew must time travel back to 1986 San Francisco where they find a world of punk, pizza and exact-change buses that are as alien as anything they've ever encountered in the far reaches of the galaxy. A thrilling, action-packed Star Trek adventure!"
Star Trek VI: The Undiscovered Country,27000000,96900000,29.826,7,0,"After years of war, the Federation and the Klingon empire find themselves on the brink of a peace summit when a Klingon ship is nearly destroyed by an apparent attack from the Enterprise. Both worlds brace for what may be their deadliest encounter."
Steve Jobs,30000000,34441873,11.885,6.769,5,"Set backstage at three iconic product launches and ending in 1998 with the unveiling of the iMac, Steve Jobs takes us behind the scenes of the digital revolution to paint an intimate portrait of the brilliant man at its epicenter."
Stigmata,29000000,50041732,16.511,6.248,1,"A young woman with no strong religious beliefs, Frankie Paige begins having strange and violent experiences, showing signs of the wounds that Jesus received when crucified. When the Vatican gets word of Frankie's situation, a high-ranking cardinal requests that the Rev. Andrew Kiernan investigate her case. Soon Kiernan realizes that very sinister forces are at work, and tries to rescue Frankie from the entity that is plaguing her."
Sudden Fear,0,0,7.773,7.269,2,"Actor Lester Blaine has all but landed the lead in Myra Hudson's new play when Myra vetoes him because, to her, he doesn't look like a romantic leading man. On a train from New York to San Francisco, Blaine sets out to prove Myra wrong...by romancing her. Is he sincere, or does he have a dark ulterior motive?"
Sudden Impact,22000000,150000000,14.934,6.548,5,"When a young rape victim takes justice into her own hands and becomes a serial killer, it's up to Dirty Harry Callahan, on suspension from the SFPD, to bring her to justice."
Summertime,5800000,0,6.537,6.337,5,"A gay couple living in San Francisco takes in two strangers traveling from Italy to start a new life in America, discovering each other and forming the most unlikely of relationships along the way."
Superman,55000000,300218018,43.678,7.116,0,"Mild-mannered Clark Kent works as a reporter at the Daily Planet alongside his crush, Lois Lane. Clark must summon his superhero alter-ego when the nefarious Lex Luthor launches a plan to take over the world."
Susan Slade,0,0,4.756,5.7,1,A pregnant teen allows her mother to pass the baby off as her own.
Sweet November,40000000,65754228,11.877,6.862,6,"Nelson is a man devoted to his advertising career in San Francisco. One day, while taking a driving test at the DMV, he meets Sara. She is very different from the other women in his life. Nelson causes her to miss out on taking the test and later that day she tracks him down. One thing leads to another and Nelson ends up living with her through a November that will change his life forever."
Take the Money and Run,1500000,0,8.85,7.144,3,"Virgil Starkwell is intent on becoming a notorious bank robber. Unfortunately for Virgil and his not-so-budding career, he is completely incompetent."
The Assassination of Richard Nixon,0,3537961,7.648,6.49,1,"It’s 1974 and Sam Bicke has lost everything. His wife leaves him with his three kids, his boss fires him, his brother turns away from him, and the bank won’t give him any money to start anew. He tries to find someone to blame for his misfortunes and comes up with the President of the United States who he plans to murder."
The Bachelor,51000000,36911617,12.395,5.175,3,"Jimmie is seeing his single friends get married one by one. He isn't too worried until his girlfriend Anne catches the bouquet at his friend Marco's wedding. Suddenly, his wild mustang days are numbered. He finally decides to propose to her, but he sticks his foot in his mouth and botches the proposal. Being insulted by the defeatist proposal, Anne leaves town on an assignment. After she's gone, he finds out that his recently-deceased grandfather's will stipulates that he gets nothing of a multi-million dollar fortune unless he's married by 6:05pm on his 30th birthday: tomorrow! Not being able to find Anne, Jimmie begins backtracking through his past girlfriends to find a wife."
The Birds,2500000,11500000,22.267,7.519,1,"Chic socialite Melanie Daniels enjoys a passing flirtation with an eligible attorney in a San Francisco pet shop and, on an impulse, follows him to his hometown bearing a gift of lovebirds. But upon her arrival, the bird population runs amok. Suddenly, the townsfolk face a massive avian onslaught, with the feathered fiends inexplicably attacking people all over Bodega Bay."
The Bridge,25000,179780,8.835,6.744,0,The Bridge is a controversial documentary that shows people jumping to their death from the Golden Gate Bridge in San Francisco - the world's most popular suicide destination. Interviews with the victims' loved ones describe their lives and mental health.
The Caine Mutiny,2000000,21750000,12.754,7.167,1,"When a US Naval captain shows signs of mental instability that jeopardize his ship, the first officer relieves him of command and faces court martial for mutiny."
The Candidate,1600000,2500000,8.556,6.522,1,"Bill McKay is a candidate for the U.S. Senate from California. He has no hope of winning, so he is willing to tweak the establishment."
The Competition,0,0,2.799,6.139,2,"The movie centers on a piano competition whose winner is assured of success. It is Paul's last chance to compete, but newcomer Heidi may be a better pianist. Can romance be far away? Will she take a dive despite the pressure to win from her teacher, Greta, or will she condemn Paul to obscurity?"
The Conversation,1600000,4420000,18.055,7.528,3,"Surveillance expert Harry Caul is hired by a mysterious client's brusque aide to tail a young couple. Tracking the pair through San Francisco's Union Square, Caul and his associate Stan manage to record a cryptic conversation between them. Tormented by memories of a previous case that ended badly, Caul becomes obsessed with the resulting tape, trying to determine if the couple is in danger."
The Core,60000000,74208267,23.669,5.771,0,"Geophysicist Dr. Josh Keyes discovers that an unknown force has caused the earth's inner core to stop rotating. With the planet's magnetic field rapidly deteriorating, our atmosphere literally starts to come apart at the seams with catastrophic consequences. To resolve the crisis, Keyes, along with a team of the world's most gifted scientists, travel into the earth's core. Their mission: detonate a device that will reactivate the core."
The Dead Pool,20000000,37903295,18.393,6.261,7,"Dirty Harry Callahan returns for his final film adventure. Together with his partner Al Quan, he must investigate the systematic murder of actors and musicians. By the time Harry learns that the murders are a part of a sick game to predict the deaths of celebrities before they happen, it may be too late..."
The Diary of a Teenage Girl,2000000,1477002,9.519,6.589,8,"Minnie Goetze is a 15-year-old aspiring comic-book artist, coming of age in the haze of the 1970s in San Francisco. Insatiably curious about the world around her, Minnie is a pretty typical teenage girl. Oh, except that she’s sleeping with her mother’s boyfriend."
The Enforcer,9000000,46236000,16.925,6.8,6,"Dirty Harry Callahan returns again, this time saddled with a rookie female partner. Together, they must stop a terrorist group consisting of angry Vietnam veterans."
The Fan,55000000,18626419,12.679,5.951,1,"When the San Francisco Giants pay center-fielder, Bobby Rayburn $40 million to lead their team to the World Series, no one is happier or more supportive than #1 fan, Gil Renard.  When Rayburn becomes mired in the worst slump of his career, the obsessed Renard decides to stop at nothing to help his idol regain his former glory—not even murder."
The Game,50000000,109423648,24.586,7.56,3,"In honor of his birthday, San Francisco banker Nicholas Van Orton, a financial genius and a cold-hearted loner, receives an unusual present from his younger brother, Conrad: a gift certificate to play a unique kind of game. In nary a nanosecond, Nicholas finds himself consumed by a dangerous set of ever-changing rules, unable to distinguish where the charade ends and reality begins."
The Graduate,3000000,104945305,20.369,7.649,1,"Benjamin, a recent college graduate very worried about his future, finds himself in a love triangle with an older woman and her daughter."
The House on Telegraph Hill,0,0,3.952,6.373,2,"Concentration camp survivor Victoria Kowelska finds herself involved in mystery, greed, and murder when she assumes the identity of a dead friend in order to gain passage to America."
The Internship,58000000,44000000,1.204,6.253,2,Two recently laid-off men in their 40s try to make it as interns at a successful Internet company where their managers are in their 20s.
The Jazz Singer,422000,2600000,13.418,6.1,1,"A young Jewish man is torn between tradition and individuality when his old-fashioned family objects to his career as a jazz singer. This is the first full length feature film to use synchronized sound, and is the original film musical."
The Lady from Shanghai,2300000,1564609,10.06,7.4,2,A romantic drifter gets caught between a corrupt tycoon and his voluptuous wife.
The Last Black Man in San Francisco,0,2975184,11.995,7,9,"Jimmie Fails dreams of reclaiming the Victorian home his grandfather built in the heart of San Francisco. Joined on his quest by his best friend Mont, Jimmie searches for belonging in a rapidly changing city that seems to have left them behind."
The Lineup,0,0,6.815,7.059,4,"In San Francisco, a psychopathic gangster and his mentor retrieve heroin packages carried by unsuspecting travelers."
The Love Bug,0,51264022,14.915,6.529,1,"Down-on-his-luck race car driver Jim Douglas teams up with a little VW Bug that has a mind of its own, not realizing Herbie's worth until a sneaky rival plots to steal him."
The Maltese Falcon,375000,1772000,22.121,7.728,1,"A private detective takes on a case that involves him with three eccentric criminals, a beautiful liar, and their quest for a priceless statuette."
The Master,32000000,28258060,19.329,7.151,1,"Freddie, a volatile, heavy-drinking veteran who suffers from post-traumatic stress disorder, finds some semblance of a family when he stumbles onto the ship of Lancaster Dodd, the charismatic leader of a new ""religion"" he forms after World War II."
The Matrix Resurrections,190000000,156497322,52.143,6.479,3,"Plagued by strange memories, Neo's life takes an unexpected turn when he finds himself back inside the Matrix."
The Net,22000000,110627965,12.684,5.977,1,"Angela Bennett is a freelance software engineer who lives in a world of computer technology. When a cyber friend asks Bennett to debug a new game, she inadvertently becomes involved in a conspiracy that will soon turn her life upside down and make her the target of an assassination."
The Other Sister,35000000,0,13.787,6.359,3,"A mentally challenged girl proves herself to be every bit as capable as her ""perfect"" sister when she moves into an apartment and begins going to college."
The Parent Trap,15000000,92108518,41.954,7.163,1,"Hallie Parker and Annie James are identical twins separated at a young age because of their parents' divorce. Unknowingly to their parents, the girls are sent to the same summer camp where they meet, discover the truth about themselves, and then plot with each other to switch places."
The Presidio,0,20324096,12.649,5.813,3,Jay Austin is now a civilian police detective. Colonel Caldwell was his commanding officer years before when he left the military police over a disagreement over the handling of a drunk driver. Now a series of murders that cross jurisdictions force them to work together again. That Austin is now dating Caldwell's daughter is not helping their relationship.
The Princess Diaries,37000000,165335153,29.469,6.942,4,"A socially awkward but very bright 15-year-old girl being raised by a single mom discovers that she is the princess of a small European country because of the recent death of her long-absent father, who, unknown to her, was the crown prince of Genovia. She must make a choice between continuing the life of a San Francisco teen or stepping up to the throne."
The Pursuit of Happyness,55000000,307077295,42.153,7.9,4,A struggling salesman takes custody of his son as he's poised to begin a life-changing professional career.
The Right Stuff,27000000,21500000,24.088,7.427,3,"A chronicle of the original Mercury astronauts in the formation of America's space program: Alan Shepherd, the first American in space; Gus Grissom, the benighted astronaut for whom nothing works out as planned; John Glenn, the straight-arrow 'boy scout' of the bunch who was the first American to orbit the earth; and the remaining pilots: Deke Slayton, Scott Carpenter, Wally Schirra, and Gordon Cooper."
The Rock,75000000,335062621,30.238,7.1,3,"When vengeful General Francis X. Hummel seizes control of Alcatraz Island and threatens to launch missiles loaded with deadly chemical weapons into San Francisco, only a young FBI chemical weapons expert and notorious Federal prisoner have the stills to penetrate the impregnable island fortress and take him down."
The Sweetest Thing,43000000,68696770,17.375,5.497,1,"Christina's love life is stuck in neutral. After years of avoiding the hazards of a meaningful relationship, one night while club-hopping with her girlfriends, she meets Peter, her perfect match. Fed up with playing games, she finally gets the courage to let her guard down and follow her heart, only to discover that Peter has suddenly left town. Accompanied by Courtney, she sets out to capture the one that got away."
The Ten Commandments,13000000,122700000,38.304,7.754,1,"Escaping death, a Hebrew infant is raised in a royal household to become a prince. Upon discovery of his true heritage, Moses embarks on a personal quest to reclaim his destiny as the leader and liberator of the Hebrew people."
The Times of Harvey Milk,0,0,7.84,7.302,1,"Harvey Milk was an outspoken human rights activist and one of the first openly gay U.S. politicians elected to public office; even after his assassination in 1978, he continues to inspire disenfranchised people around the world."
The Towering Inferno,14000000,116000000,19.487,7.018,3,"At the opening party of a colossal—but poorly constructed—skyscraper, a massive fire breaks out, threatening to destroy the tower and everyone in it."
The Wedding Planner,35000000,94728529,17.657,5.911,3,"San Francisco's premiere wedding planner, Mary Fiore is rescued from an accident by the man of her dreams, paediatrician Steve Edison, only to find he is the fiancé of her latest client. As Mary continues making the wedding arrangements, she and Steve are put into a string of uncomfortable situations that force them to face their mutual attraction."
Time After Time,0,0,17.858,6.856,5,Writer H. G. Wells pursues Jack the Ripper to modern day San Francisco after the infamous serial killer steals his time machine to escape the 19th century.
Tucker: The Man and His Dream,23000000,19652638,13.256,6.717,1,"Ypsilanti, Michigan, 1945. Engineer Preston Tucker dreams of designing the car of future, but his innovative envision will be repeatedly sabotaged by his own unrealistic expectations and the Detroit automobile industry tycoons."
Twisted,50000000,40954603,12.426,5.541,3,"Recently promoted and transferred to the homicide division, Inspector Jessica Shepard feels pressure to prove herself -- and what better way than by solving San Francisco's latest murder? However, as Shepard and her partner, Mike Delmarco, soon discover, the victim shared a romantic connection to her. As more of Shepard's ex-lovers turn up dead, her mind starts to become unstable, and she begins to wonder if she could be the very killer she's trying to track down."
Under the Tuscan Sun,18000000,58878723,17.416,6.833,1,"After a rough divorce, Frances, a 35 year old book editor from San Francisco takes a tour of Tuscany at the urgings of her friends. On a whim she buys Bramasole, a run down villa in the Tuscan countryside and begins to piece her life together starting with the villa and finds that life sometimes has unexpected ways of giving her everything she wanted."
Until the End of the World,23000000,0,11.93,6.85,1,"In 1999, a woman's life is forever changed after she survives a car crash with two bank robbers, who enlist her help to take the money to a drop in Paris. On the way, she runs into another fugitive from the law — an American doctor on the run from the CIA. They want to confiscate his father's invention – a device which allows anyone to record their dreams and visions."
Venom,116000000,856085151,48.649,6.826,3,"Investigative journalist Eddie Brock attempts a comeback following a scandal, but accidentally becomes the host of Venom, a violent, super powerful alien symbiote. Soon, he must rely on his newfound powers to protect the world from a shadowy organization looking for a symbiote of their own."
Venom: Let There Be Carnage,110000000,506863592,89.985,6.833,4,"After finding a host body in investigative reporter Eddie Brock, the alien symbiote must face a new enemy, Carnage, the alter ego of serial killer Cletus Kasady."
Vertigo,2479000,7797728,28.086,8.18,6,"A retired San Francisco detective suffering from acrophobia investigates the strange activities of an old friend's wife, all the while becoming dangerously obsessed with her."
What Dreams May Come,85000000,71485043,20.617,7.194,1,"Chris Neilson dies to find himself in a heaven more amazing than he could have ever dreamed of. There is one thing missing: his wife. After he dies, his wife, Annie killed herself and went to hell. Chris decides to risk eternity in hades for the small chance that he will be able to bring her back to heaven."
When a Man Loves a Woman,0,50021959,14.925,6.464,4,"An airline pilot and his wife are forced to face the consequences of her alcoholism when her addictions threaten her life and their daughter's safety. While the woman enters detox, her husband must face the truth of his enabling behavior."
Woman on Top,8000000,0,11.76,6.197,1,"Set to the intoxicating rhythms of Brazil, ""Woman on Top"" is a spicy, sexy comedy about the magic of food, love and music. Meet Isabella, a sultry enchantress born with the special gift of melting the palates and hearts of men everywhere. When she decides to break free from her rocky marriage and the stifling kitchen of her husband's restaurant in Brazil, she spirits off to San Francisco in pursuit of her dreams of a real culinary career."
Zodiac,65000000,84785914,36.465,7.5,1,A cartoonist teams up with an ace reporter and a law enforcement officer to track down an elusive serial killer.